first_name,last_name,company_name,address,city,county,postal,phone1,phone2,email,web,base_salary,other_pay
Evan,Zigomalas,Rowley/hansell Petetin,5 Binney St,Abbey Ward,Buckinghamshire,HP11 2AX,01937-864715,01714-737668,evan.zigomalas@gmail.com,http://www.capgeminiamerica.co.uk,80858,5088.0
Eric,Rampy,"Crowan, Kenneth W Esq",9472 Lind St,Desborough,Northamptonshire,NN14 2GH,01969-886290,01545-817375,erampy@rampy.co.uk,http://www.thompsonmichaelcesq.co.uk,59057,
Niesha,Bruch,Weiss Spirt & Guyer,24 Bolton St,"Broxburn, Uphall and Winchburg",West Lothian,EH52 5TL,01874-856950,01342-793603,niesha.bruch@yahoo.com,http://www.rowleyhansellpetetin.co.uk,79549,
Michell,Throssell,Weiss Spirt & Guyer,89 Noon St,Carbrooke,Norfolk,IP25 6JQ,01967-580851,01672-496478,mthrossell@throssell.co.uk,http://www.weissspirtguyer.co.uk,85409,
Edgar,Kanne,Rowley/hansell Petetin,99 Guthrie St,New Milton,Hampshire,BH25 5DF,01326-532337,01666-638176,edgar.kanne@yahoo.com,http://www.crowankennethwesq.co.uk,82586,2849.0
Augustine,Growcock,Weiss Spirt & Guyer,114 Falkland St #8845,Brimpton,Berkshire,RG7 4RF,01541-802635,01926-108010,augustine.growcock@growcock.co.uk,http://www.lynemacliffcpa.co.uk,61170,3098.0
Reed,Weisinger,"Thompson, Michael C Esq",5147 Blackstone St,Letchworth South West Ward,Hertfordshire,SG6 3LE,01243-678286,01292-297245,reed_weisinger@yahoo.com,http://www.berickjosephgesq.co.uk,72101,854.0
Milly,Savidge,Weiss Spirt & Guyer,129 Alexander Pope St,Franche Ward,Hereford and Worcester,DY11 9BW,01702-725589,01421-132652,milly@gmail.com,http://www.bridgewayplanforhealth.co.uk,69025,
Luis,Ear,Cap Gemini America,2 Birchfield Rd,Whittington,Shropshire,SY11 4PH,01462-648669,01405-648623,luis@hotmail.com,http://www.wainstforplcystudies.co.uk,85983,64.0
Margurite,Loperfido,Cap Gemini America,218 Greenbank Drive,Devizes,Wiltshire,SN10 3DU,01407-866759,01640-661191,mloperfido@gmail.com,http://www.penroseplacepharmacyinc.co.uk,77518,
Vernice,Sperazza,Cap Gemini America,8921 Forge St,Colnbrook with Poyle,Buckinghamshire,SL3 0PY,01822-563044,01765-519419,vernice@yahoo.com,http://www.novakalanpaulesq.co.uk,52794,568.0
Jenise,Dulle,"Crowan, Kenneth W Esq",87 Pownall Sq,Sawston,Cambridgeshire,CB22 3BB,01709-854691,01572-193368,jenise.dulle@hotmail.com,http://www.aldenmichaelhesq.co.uk,82292,4680.0
Melina,Orizabal,"Thompson, Michael C Esq",3 Nevison St,Lymington and Pennington,Hampshire,SO41 1DL,01420-307327,01245-559333,melina@gmail.com,http://www.sheratoninnoceanfront.co.uk,46941,55.0
Tina,Clapham,"Thompson, Michael C Esq",5662 William Moult St,Aylesbury,Buckinghamshire,HP21 8PP,01567-296442,01493-245349,tclapham@gmail.com,http://www.coopermyersyco.co.uk,59545,3153.0
Lyndia,Moonshower,"Thompson, Michael C Esq",43 Williamson St #7995,Meads Ward,East Sussex,BN20 7HB,01469-300335,01789-132579,lyndia_moonshower@moonshower.co.uk,http://www.bomarkoinc.co.uk,64710,
Jules,Hiltner,Weiss Spirt & Guyer,5 Howe St,"Broxburn, Uphall and Winchburg",West Lothian,EH52 6NF,01428-343825,01814-878359,jules@yahoo.com,http://www.benitezbrigidaesq.co.uk,76350,
Chantay,Kamens,Rowley/hansell Petetin,763 Parkfield Rd,Norton Canes,Staffordshire,WS11 9RH,01823-383806,01245-146126,ckamens@hotmail.com,http://www.brewsterwallcoveringsco.co.uk,68070,
Janessa,Noonon,Cap Gemini America,476 Starkie St,Westgate Ward,Gloucestershire,GL1 1QW,01472-324699,01841-979075,jnoonon@yahoo.com,http://www.canterburychristopherc.co.uk,73941,18.0
Sol,Cowser,"Thompson, Michael C Esq",6448 Tillard St,Conisbrough and Denaby Ward,South Yorkshire,DN12 4JF,01412-528394,01580-134516,sol@gmail.com,http://www.omnimandalay.co.uk,55437,5624.0
Louann,Smethers,Rowley/hansell Petetin,3055 Creswick St,Newbold and Brownsover Ward,Warwickshire,CV21 1LN,01670-234959,01488-872531,louann@gmail.com,http://www.lbasavingsbank.co.uk,62224,5355.0
Lindsay,Yadao,"Crowan, Kenneth W Esq",7 Jolliffe St,Middlewich,Cheshire,CW10 9GB,01947-566661,01481-295251,lindsay_yadao@yadao.co.uk,http://www.lutzchristophertesq.co.uk,80374,
Stevie,Stifflemire,"Thompson, Michael C Esq",9 Gradwell St,Kempshott Ward,Hampshire,RG22 5HA,01262-808399,01411-169215,stevie_stifflemire@stifflemire.co.uk,http://www.packagingcorpofamerica.co.uk,50567,
Elroy,Piehler,"Crowan, Kenneth W Esq",821 Pembroke Place,Kirkby Stephen,Cumbria,CA17 4RZ,01589-654152,01586-387018,epiehler@piehler.co.uk,http://www.jonsongeodesq.co.uk,63501,5422.0
Bettina,Kham,"Crowan, Kenneth W Esq",80 Morecambe St,Bishop Auckland,County Durham,DL14 6NG,01355-192668,01340-622388,bettina.kham@kham.co.uk,http://www.councilofcmntybloodctrs.co.uk,66722,
Marta,Brace,Cap Gemini America,658 Lake St,Malmesbury,Wiltshire,SN16 0XZ,01777-469402,01631-454193,marta.brace@brace.co.uk,http://www.trautmaneileenesq.co.uk,71167,
Eva,Joulwan,Weiss Spirt & Guyer,7 Lear Rd,Stroud,Hampshire,GU32 3PQ,01779-720349,01961-802899,eva.joulwan@gmail.com,http://www.centralhrdwreleccorp.co.uk,53434,
Mira,Alpheaus,Rowley/hansell Petetin,51 St Anne St #12,Stratfield Mortimer,Berkshire,RG7 3RA,01241-273991,01381-836777,mira.alpheaus@yahoo.com,http://www.eastcountyprocess.co.uk,89235,
Mike,Torner,"Crowan, Kenneth W Esq",30 Aughton St,Hilton,Aberdeenshire,AB24 2RR,01240-600327,01408-918612,mike_torner@torner.co.uk,http://www.segallmajesticinc.co.uk,81922,
Lisbeth,Creecy,"Crowan, Kenneth W Esq",484 Barry St,Shiney Row Ward,County Durham,DH4 7RG,01931-620849,01825-623398,lcreecy@gmail.com,http://www.gerstenfeldgeraldfesq.co.uk,57690,1529.0
Eloisa,Faurote,"Crowan, Kenneth W Esq",7033 Micawber St,Bintree,Norfolk,NR20 5NQ,01337-695353,01747-999761,eloisa.faurote@hotmail.com,http://www.mcdonaldmichaeljesq.co.uk,70598,2423.0
Shawana,Cantua,Weiss Spirt & Guyer,33 Vipond St,Woodhall Farm Ward,Hertfordshire,HP2 7JP,01413-348876,01659-621050,shawana@yahoo.com,http://www.bestwesternriverviewinn.co.uk,69522,
Alyssa,Ansbro,Weiss Spirt & Guyer,85 Hero St,Stanhope,County Durham,DL13 2TZ,01632-887825,01585-967862,alyssa_ansbro@gmail.com,http://www.bergmichaeldesq.co.uk,60598,3086.0
Terry,Gauthier,Weiss Spirt & Guyer,274 Altcar Ave,Catterick,North Yorkshire,DL10 7NU,01555-550015,01793-749131,tgauthier@yahoo.com,http://www.walkersusansesq.co.uk,49736,5577.0
Wade,Sovel,"Thompson, Michael C Esq",2546 Hunter St,Central Buchan Ward,Aberdeenshire,AB53 6YD,01712-978062,01317-960371,wade@hotmail.com,http://www.manhattansupplycodeerpk.co.uk,55387,674.0
Deja,Conatser,"Thompson, Michael C Esq",94 Wakefield St,Lavenham,Suffolk,CO10 9PU,01378-234592,01879-981256,deja.conatser@hotmail.com,http://www.universalcaseco.co.uk,56295,862.0
Ressie,Bontemps,Rowley/hansell Petetin,42 Eastwood St,Walton Ward,Cambridgeshire,PE4 6HB,01996-854517,01616-608138,ressie_bontemps@bontemps.co.uk,http://www.typesetters.co.uk,51636,
Sean,Schurman,"Thompson, Michael C Esq",2877 Grain St,Caversham Ward,Berkshire,RG4 5DE,01773-139510,01423-385669,sean.schurman@schurman.co.uk,http://www.cooperelectricsupplyco.co.uk,77772,1918.0
Wei,Nobel,Cap Gemini America,5221 Royston St,Eccleshall,Staffordshire,ST21 6GA,01912-146880,01608-570699,wei_nobel@hotmail.com,http://www.victorycoating.co.uk,70169,3428.0
Melissia,Slotemaker,Cap Gemini America,83 St Johns Lane #43,Linlithgow Ward,West Lothian,EH49 7LS,01515-360513,01936-295031,mslotemaker@gmail.com,http://www.twiningnemiasteflik.co.uk,79875,308.0
Desire,Barresi,"Thompson, Michael C Esq",428 Kearsley St,Hatton,Warwickshire,CV35 7UA,01819-701096,01970-482055,desire@gmail.com,http://www.greatercincschlemplcrdtun.co.uk,64962,3333.0
Vernell,Connley,Rowley/hansell Petetin,998 Roe St #6,Bellingham,Northumberland,NE48 2BX,01954-363885,01585-863534,vernell@hotmail.com,http://www.harmons.co.uk,54393,2062.0
Micheline,Mathieson,"Thompson, Michael C Esq",3 Copenhagen Rd,George St,Aberdeenshire,AB25 3UZ,01857-518738,01247-541211,micheline.mathieson@yahoo.com,http://www.mailboxesetc.co.uk,49197,4248.0
Julie,Sakshaug,"Crowan, Kenneth W Esq",5 Shakspeare St #66,St. Johns Ward,Hereford and Worcester,B61 8HD,01225-180983,01641-570473,julie@gmail.com,http://www.newtonclerk.co.uk,80186,
Hubert,Mias,Rowley/hansell Petetin,3614 Old Hall St #604,Fawley,Hampshire,SO45 2PT,01408-965643,01857-225719,hubert.mias@gmail.com,http://www.chuckmasterco.co.uk,89380,3950.0
Janella,Altobell,Rowley/hansell Petetin,3768 Hey Green Rd,Hartshill,Warwickshire,CV10 0TH,01746-505364,01411-597527,jaltobell@hotmail.com,http://www.shannonpaulvesq.co.uk,76748,1185.0
Mauricio,Flam,Rowley/hansell Petetin,18 Nimrod St,Walney North Ward,Cumbria,LA14 3SJ,01640-813748,01829-160968,mflam@gmail.com,http://www.callenderwilliamcesq.co.uk,74175,2508.0
Bobbie,Guillereault,Cap Gemini America,385 Upper Hampton St #39,Southey Ward,South Yorkshire,S5 8LL,01496-781616,01606-682963,bguillereault@gmail.com,http://www.genevawoodsprofessionalctr.co.uk,53036,
Joana,Reinecke,Cap Gemini America,2427 Olney St #7,Amersham,Buckinghamshire,HP6 6JH,01320-402522,01866-827990,jreinecke@reinecke.co.uk,http://www.visitingnurassnctrljersey.co.uk,80576,1225.0
Dacia,Swaisgood,Rowley/hansell Petetin,36 Cranmer St #4697,Little Hereford,Shropshire,SY8 4LE,01984-926059,01275-123842,dacia.swaisgood@swaisgood.co.uk,http://www.nelsonpaulsonchartered.co.uk,83168,513.0
Lanie,Smalarz,Rowley/hansell Petetin,5149 Maria Rd,Peterlee,County Durham,SR8 5RL,01218-415062,01279-431606,lanie.smalarz@yahoo.com,http://www.philosophicalrsrchsctybkstr.co.uk,63537,
Ula,Otey,"Thompson, Michael C Esq",1 Newby St,Coleshill,Warwickshire,B46 3LZ,01291-565542,01581-469043,ula@hotmail.com,http://www.mailboxesetc.co.uk,67160,4937.0
Timmy,Lintner,Rowley/hansell Petetin,9112 Hardwick St,Bowes,County Durham,DL12 9JB,01651-232745,01711-826233,tlintner@hotmail.com,http://www.interdependenceassociatesinc.co.uk,73946,
Naomi,Lavezzo,Weiss Spirt & Guyer,9854 Ranelagh Place,Finedon,Northamptonshire,NN9 5EN,01469-888112,01367-310764,naomi.lavezzo@yahoo.com,http://www.torrefazioneitaliainc.co.uk,88685,
Mila,Figuera,"Crowan, Kenneth W Esq",72 Lime Place,Old Newton with Dagworth,Suffolk,IP14 4HG,01300-650262,01573-159208,mila_figuera@yahoo.com,http://www.ussapporoainc.co.uk,85890,2731.0
Kara,Jaquish,Weiss Spirt & Guyer,345 Feltwell Rd,St. Michaels and Wicksteed War,Northamptonshire,NN15 6BB,01691-316298,01503-303797,kara@yahoo.com,http://www.eladobeinn.co.uk,69455,4848.0
Vashti,Sugai,Rowley/hansell Petetin,4 Candia St #6,Shipston on Stour,Warwickshire,CV36 4HE,01311-723137,01528-551210,vashti@gmail.com,http://www.accurateengravingco.co.uk,66899,2895.0
Coleen,Langer,Weiss Spirt & Guyer,745 Goodall St #9309,Much Wenlock,Shropshire,TF13 6HB,01956-525612,01746-728526,coleen.langer@hotmail.com,http://www.valleyprodnctrforvidaud.co.uk,89758,
Katie,Choinski,Rowley/hansell Petetin,1267 Alderson Rd,Churchdown,Gloucestershire,GL3 2BA,01606-772920,01762-227896,katie@choinski.co.uk,http://www.coastaltechnologies.co.uk,57413,
Dannie,Brau,Cap Gemini America,2 Gay St #3702,Werrington South Ward,Cambridgeshire,PE7 2QA,01675-779811,01380-595884,dbrau@brau.co.uk,http://www.goodfellowagency.co.uk,50291,1703.0
Ashanti,Donn,"Crowan, Kenneth W Esq",3409 Benns Gardens,Hollington Ward,East Sussex,TN38 9NE,01352-599278,01721-697548,adonn@yahoo.com,http://www.denticator.co.uk,82746,3913.0
Walker,Seeger,"Thompson, Michael C Esq",69 Chantrey St #90,Hickling,Norfolk,NR12 0YB,01245-616596,01531-463162,walker.seeger@yahoo.com,http://www.jimdunnambuilderinc.co.uk,81428,5012.0
Kattie,Ozane,"Thompson, Michael C Esq",526 Liffey St #759,Westbury,Wiltshire,BA13 3QU,01322-491007,01807-524286,kozane@gmail.com,http://www.pagepatriciaaesq.co.uk,61983,5434.0
Juliana,Uken,Cap Gemini America,4 Summer Seat Bootle,Moulsecoomb and Bevendean Ward,Brighton and Hove,BN2 4TL,01962-844141,01981-109913,juliana.uken@yahoo.com,http://www.charlesscavadinicic.co.uk,57066,5509.0
Delpha,Detamore,"Crowan, Kenneth W Esq",8 Tagus St #9814,Cleator Moor,Cumbria,CA25 5EF,01322-480025,01517-750609,delpha.detamore@yahoo.com,http://www.bilartooldieinc.co.uk,84761,4973.0
Hyun,Erdman,Rowley/hansell Petetin,1432 Rutland Ave,Uckfield,East Sussex,TN22 9EF,01594-744010,01356-404829,hyun@gmail.com,http://www.hallronalda.co.uk,85527,
Nada,Arey,Rowley/hansell Petetin,22 Harewood St #95,Acton Trussell and Bednall,Staffordshire,ST17 0RU,01576-627827,01822-753601,nada@hotmail.com,http://www.advancedengineeringassocs.co.uk,76632,
Elizabeth,Pata,"Thompson, Michael C Esq",645 Lister Drive,Denwick,Northumberland,NE66 2LQ,01634-662999,01571-674820,elizabeth@gmail.com,http://www.hirschhenrylesq.co.uk,51722,5922.0
Alise,Packebush,"Thompson, Michael C Esq",22 Delamore St,Hereford,Hereford and Worcester,HR1 2EA,01266-695304,01517-702273,alise.packebush@gmail.com,http://www.wncforkliftinc.co.uk,51598,3758.0
Erasmo,Talentino,Rowley/hansell Petetin,3 Garden Lane,Darton West Ward,South Yorkshire,S75 5JY,01492-454455,01304-185373,erasmo.talentino@hotmail.com,http://www.activeairsystems.co.uk,47579,2034.0
Mari,Smeby,Weiss Spirt & Guyer,4309 Chisenhale St,Rock,Hereford and Worcester,DY14 9XQ,01423-202676,01733-169475,msmeby@gmail.com,http://www.abedoorswindows.co.uk,49312,1938.0
Therese,Shiraki,Weiss Spirt & Guyer,18 Ouse St,Oakridge and Castlefield Ward,Buckinghamshire,HP11 2PJ,01611-691262,01703-441371,tshiraki@gmail.com,http://www.wuhffox.co.uk,87253,5396.0
Arlyne,Dellinger,Cap Gemini America,8361 Cottenham St,Fawley,Hampshire,SO45 1QQ,01907-958462,01821-459979,arlyne.dellinger@yahoo.com,http://www.holzgraferogereesq.co.uk,54236,
Edward,Strejan,Cap Gemini America,1267 Audley St,Ise Lodge Ward,Northamptonshire,NN15 5DB,01242-422459,01659-505806,edward_strejan@gmail.com,http://www.kaysersnutritioncenter.co.uk,83823,
Gerald,Drozdenko,"Thompson, Michael C Esq",186 Craven St #68,Little Ness,Shropshire,SY4 2JX,01593-647422,01210-465236,gdrozdenko@yahoo.com,http://www.diamondcbntsdivwhtconsind.co.uk,85543,
Tomoko,Renno,"Thompson, Michael C Esq",5160 High St #38,Goldsmid Ward,Brighton and Hove,BN3 6EA,01731-573285,01873-329707,tomoko@renno.co.uk,http://www.tricoprodscorp.co.uk,67256,
King,Vanacore,"Thompson, Michael C Esq",30 Seville St,Meads Ward,East Sussex,BN20 7QU,01908-714833,01651-442812,king_vanacore@yahoo.com,http://www.sdsepublictv.co.uk,58195,
Tonja,Driesenga,"Crowan, Kenneth W Esq",8 South John St,Lamport,Northamptonshire,NN6 9XW,01683-204727,01384-883931,tdriesenga@driesenga.co.uk,http://www.firstozaukeesavingsbank.co.uk,78530,
Rex,Faehnle,"Crowan, Kenneth W Esq",371 Oakleigh,Warminster,Wiltshire,BA12 8NR,01955-496773,01529-779988,rfaehnle@faehnle.co.uk,http://www.heringglennzesq.co.uk,60731,937.0
Rebbecca,Rufenacht,Rowley/hansell Petetin,4190 Seacombe St,Tiffield,Northamptonshire,NN12 8AA,01583-168158,01926-842843,rrufenacht@yahoo.com,http://www.ithacaguitarworksinc.co.uk,56308,3865.0
Dallas,Miyashiro,Rowley/hansell Petetin,4919 Lime Grove,Whitchurch Urban,Cheshire,SY13 4HB,01356-551432,01752-585779,dallas_miyashiro@miyashiro.co.uk,http://www.embuildingproductsinc.co.uk,74372,
Han,Dzledzic,Cap Gemini America,1592 Price St,Ponteland,Northumberland,NE20 9TF,01532-163009,01303-831633,han_dzledzic@hotmail.com,http://www.captaincopy.co.uk,46171,5831.0
Emilio,Guitierrez,"Crowan, Kenneth W Esq",2 Weller St,Appleton Wiske,North Yorkshire,DL6 2AS,01845-679016,01363-466980,emilio_guitierrez@guitierrez.co.uk,http://www.registerprintingco.co.uk,86221,
Maryanne,Siske,"Crowan, Kenneth W Esq",256 Vesuvius St #159,Stutton with Hazlewood,North Yorkshire,LS24 9UA,01455-447890,01597-966938,maryanne@hotmail.com,http://www.leveringcharlesbesq.co.uk,84121,5471.0
Veronique,Nuckolls,Cap Gemini America,198 Ranelagh Place,Central Buchan Ward,Aberdeenshire,AB43 6RD,01632-762032,01699-696279,vnuckolls@gmail.com,http://www.cinemaxcablepaytvsvce.co.uk,70894,
Antonio,Villamarin,Cap Gemini America,353 Standish St #8264,Little Parndon and Hare Street,Hertfordshire,CM20 2HT,01559-403415,01388-777812,antonio.villamarin@gmail.com,http://www.combssheetmetal.co.uk,80482,
Olen,Ailey,Rowley/hansell Petetin,9 Fielding St,Wombourne,Staffordshire,WV5 0BB,01654-865551,01354-169004,olen@gmail.com,http://www.shohetgracecesq.co.uk,87684,
Lanie,Smarsh,Weiss Spirt & Guyer,555 Ludlow St,Trowbridge,Wiltshire,BA14 9JB,01973-841918,01731-921990,lanie@yahoo.com,http://www.lbt.co.uk,64389,5252.0
Elliott,Kins,Weiss Spirt & Guyer,32 High Park St #44,St. Margarets with St. Nichola,Norfolk,PE30 1QE,01727-926540,01422-984862,elliott@gmail.com,http://www.johnnodaalawofclawrencee.co.uk,50990,5990.0
Mignon,Luger,Weiss Spirt & Guyer,80 Talbot St,Edgeley and Cheadle Heath Ward,Cheshire,SK3 9RD,01934-252795,01491-473626,mignon@gmail.com,http://www.nationallimeassociation.co.uk,52202,
Margret,Alcazar,"Thompson, Michael C Esq",5466 Sedley St,Coatbridge South Ward,North Lanarkshire,ML5 4LJ,01626-590776,01633-731246,margret@alcazar.co.uk,http://www.advantagetitleescrowinc.co.uk,50604,
Denny,Casalenda,"Crowan, Kenneth W Esq",75 Brewster St #453,Redlands Ward,Berkshire,RG1 5EX,01349-134533,01589-277770,dcasalenda@gmail.com,http://www.ringointernationalinc.co.uk,89060,
Janna,Przybyl,Weiss Spirt & Guyer,5 April Rd #13,Wheatley Ward,South Yorkshire,DN1 2TU,01684-628072,01560-680129,jprzybyl@przybyl.co.uk,http://www.southwestmsshopgbag.co.uk,72853,
Kandis,Alsbury,Rowley/hansell Petetin,70 Rose Vale,Reydon,Suffolk,IP18 6PE,01797-837270,01651-807856,kalsbury@hotmail.com,http://www.fastcash.co.uk,58807,1169.0
Fallon,Kerfoot,"Crowan, Kenneth W Esq",3186 Naylor St,Manor Castle Ward,South Yorkshire,S2 1HP,01538-649750,01505-472052,fallon.kerfoot@gmail.com,http://www.rotenstreichhandrewesq.co.uk,79435,5113.0
Precious,Brabble,"Thompson, Michael C Esq",9 Herbert St #77,Shenley,Hertfordshire,WD7 9AQ,01687-288043,01800-154821,precious_brabble@brabble.co.uk,http://www.sigmacomcorporation.co.uk,84809,2215.0
Tamesha,Tyburski,Rowley/hansell Petetin,1054 Gladys St,Bellshill Ward,North Lanarkshire,ML4 3EJ,01954-979729,01834-599647,tamesha.tyburski@gmail.com,http://www.lissamyesq.co.uk,67847,
Olene,Skubis,"Crowan, Kenneth W Esq",180 Frodsham St,Grovehill Ward,Hertfordshire,HP2 7BD,01250-453315,01805-925115,olene_skubis@yahoo.com,http://www.lubyjosephkesq.co.uk,88864,4310.0
Dwight,Belyea,Cap Gemini America,419 St Andrew St,Tibberton,Hereford and Worcester,WR9 7NS,01822-404490,01498-287540,dbelyea@belyea.co.uk,http://www.skuttlemfgco.co.uk,49541,
Cornell,Mccrossin,Rowley/hansell Petetin,623 Cornhill,Stretton,Staffordshire,DE13 0DH,01608-748971,01279-418098,cornell.mccrossin@mccrossin.co.uk,http://www.cheekjohndesq.co.uk,65867,4408.0
Felicia,Claybrooks,Weiss Spirt & Guyer,1056 College St South,Chester-le-Street North and Ea,County Durham,DH2 2JZ,01722-395799,01451-992860,felicia@claybrooks.co.uk,http://www.stresconindustriesinc.co.uk,64031,484.0
Carmen,Gillham,Cap Gemini America,11 Denison St #7,Orford Ward,Cheshire,WA2 9QB,01692-491267,01417-973243,carmen@hotmail.com,http://www.nordabethdorseyesq.co.uk,84932,
Patti,Rempel,"Crowan, Kenneth W Esq",1346 Vandyke St,Hove Park Ward,Brighton and Hove,BN3 6NS,01539-157435,01334-638031,patti@rempel.co.uk,http://www.mederrandyfcpa.co.uk,64398,
Alaine,Raterman,"Thompson, Michael C Esq",1 Milton St,Little Missenden,Buckinghamshire,HP16 0DH,01927-151413,01525-172423,alaine@hotmail.com,http://www.putnamcoinc.co.uk,61643,
Corinne,Holman,"Crowan, Kenneth W Esq",1831 Richards St #8,Berkhamsted,Hertfordshire,HP4 2AF,01933-753592,01857-675359,corinne@holman.co.uk,http://www.herculitemasonsupplyinc.co.uk,77940,1858.0
Heidy,Hallford,Cap Gemini America,8054 Low Hill,Prestbury,Gloucestershire,GL52 3BY,01958-748582,01753-105955,hhallford@hotmail.com,http://www.newenglanddiecoinc.co.uk,74614,
Kaycee,Carsten,"Crowan, Kenneth W Esq",35 Dublin St,Cirencester,Gloucestershire,GL7 2EY,01270-893129,01837-463418,kaycee.carsten@gmail.com,http://www.dohnlawofficesincps.co.uk,58918,
Melvin,Setter,"Thompson, Michael C Esq",87 Pickup St,Franche Ward,Hereford and Worcester,DY10 2ZQ,01401-151569,01938-566719,melvin_setter@setter.co.uk,http://www.rexinternatl.co.uk,55618,3148.0
Brianne,Matsumura,Rowley/hansell Petetin,7 Cottenham St,Mossend and Holytown Ward,North Lanarkshire,ML1 4TD,01519-417660,01979-425319,brianne@matsumura.co.uk,http://www.benderassociates.co.uk,70522,2365.0
Eugene,Pelzer,Weiss Spirt & Guyer,622 Holmes St,Heath Town Ward,Staffordshire,WV10 0AW,01839-920108,01413-591144,eugene_pelzer@gmail.com,http://www.fashioncornerinc.co.uk,63352,4344.0
Margery,Rohrs,Weiss Spirt & Guyer,40 Peters Lane,Long Preston,North Yorkshire,BD23 4NF,01634-340524,01933-273913,margery@hotmail.com,http://www.cgmcculloughinsuranceagcy.co.uk,56340,
Noel,Sarra,Weiss Spirt & Guyer,2 Cockburn St,Seaham,County Durham,SR7 0AR,01868-736780,01874-679913,nsarra@gmail.com,http://www.orkinexterminatingcoinc.co.uk,80896,
Doug,Lucore,"Crowan, Kenneth W Esq",65 Rankin St,Woodford cum Membris,Northamptonshire,NN11 3QR,01943-467489,01744-123819,dlucore@yahoo.com,http://www.barralbertsiii.co.uk,77953,
Jeff,Brossoit,Weiss Spirt & Guyer,954 Madelaine St,Central Ward,Wiltshire,SN5 8WG,01593-501965,01383-683074,jeff.brossoit@yahoo.com,http://www.jehconstructionco.co.uk,51254,
Lashunda,Argiro,Cap Gemini America,205 Forge St #4021,Stainburn,North Yorkshire,LS21 2LS,01422-728149,01653-381714,lashunda@yahoo.com,http://www.kluzaassociates.co.uk,72066,5195.0
Ashley,Tropp,Weiss Spirt & Guyer,3 Greenleaf St #5644,Blyth,Northumberland,NE24 2RY,01951-324927,01602-307715,ashley.tropp@gmail.com,http://www.everythingsadollar.co.uk,82235,5.0
Shayne,Mordhorst,"Crowan, Kenneth W Esq",1 Bousfield St,Shrewsbury,Shropshire,SY3 8NG,01286-279043,01450-144052,smordhorst@mordhorst.co.uk,http://www.donallenassociatespa.co.uk,73353,
Franchesca,Charry,"Crowan, Kenneth W Esq",59 Westminster Rd,Empress Ward,Hampshire,GU14 8AY,01748-827176,01707-624969,franchesca@gmail.com,http://www.cappelloabarryesq.co.uk,62593,1891.0
Gaston,Szumski,"Thompson, Michael C Esq",8 Gullett St,West Garioch Ward,Aberdeenshire,AB51 0HT,01651-911453,01923-233578,gaston.szumski@hotmail.com,http://www.redgiantfoodsinc.co.uk,87515,5365.0
Ronna,Mittler,"Crowan, Kenneth W Esq",2767 Pembroke St #979,Roundway,Wiltshire,SN10 3FQ,01214-651738,01794-156776,ronna_mittler@hotmail.com,http://www.bethesdagazette.co.uk,75627,
Erasmo,Gath,Weiss Spirt & Guyer,860 Rokeby St,Sunningdale,Berkshire,SL5 0AZ,01445-796544,01650-307192,egath@hotmail.com,http://www.panoptx.co.uk,48486,3242.0
Rosalia,Ziv,Weiss Spirt & Guyer,9362 Solomon St #97,Castle Ward,Northamptonshire,NN8 4DR,01414-349699,01552-437406,rosalia.ziv@ziv.co.uk,http://www.ariasmicheleannmd.co.uk,75514,2992.0
Lyda,Cronholm,"Thompson, Michael C Esq",916 Strand St #4753,Leek,Staffordshire,ST13 5AW,01672-538356,01347-674237,lyda.cronholm@cronholm.co.uk,http://www.printshop.co.uk,56144,
Lewis,Mellom,Cap Gemini America,6 St Hilda St,Central Ward,South Yorkshire,S1 1EQ,01954-643657,01511-606180,lewis@yahoo.com,http://www.lastingimpressions.co.uk,72024,
Kayleigh,Bendle,Weiss Spirt & Guyer,9735 Linton St #2284,Kingswells,Aberdeenshire,AB16 7RW,01312-772111,01355-733333,kayleigh.bendle@bendle.co.uk,http://www.jaassociates.co.uk,88826,
Lili,Imondi,Rowley/hansell Petetin,9 Herbert St,Blyth,Northumberland,NE24 3DQ,01600-986258,01934-479439,lili_imondi@hotmail.com,http://www.idehaigneyradio.co.uk,68394,
Sunshine,Senechal,"Crowan, Kenneth W Esq",40 Cairo St,Warwick,Warwickshire,CV34 5LQ,01416-686933,01839-700945,sunshine.senechal@hotmail.com,http://www.dalegeorgefesq.co.uk,53201,
Goldie,Sonkens,"Thompson, Michael C Esq",6174 Botanic Pl,Ravensthorpe Ward,Cambridgeshire,PE3 7BJ,01867-720033,01523-949034,gsonkens@sonkens.co.uk,http://www.verinuproductscorp.co.uk,51550,4622.0
Shelia,Plues,"Thompson, Michael C Esq",9730 Dunnet St,Silloth-on-Solway,Cumbria,CA7 4RB,01818-260618,01574-927461,shelia@gmail.com,http://www.schensanfordemd.co.uk,76828,685.0
Narcisa,Araiza,"Thompson, Michael C Esq",8783 High St,Milton,Cambridgeshire,CB24 6ZR,01724-644767,01689-339758,naraiza@hotmail.com,http://www.dankabusinesssystems.co.uk,62945,954.0
Evelynn,Frede,Rowley/hansell Petetin,8 Breckfield Road North,Seaham,County Durham,SR7 0AZ,01289-621482,01571-460710,evelynn.frede@gmail.com,http://www.hasselbergmichaelresq.co.uk,71502,2606.0
Tamra,Yu,Rowley/hansell Petetin,2 Park Rd Walton #4338,Lansdown Ward,Gloucestershire,GL50 2LF,01891-816938,01635-523740,tamra.yu@hotmail.com,http://www.daviscommercialcontracting.co.uk,81097,5391.0
Aracelis,Donham,"Crowan, Kenneth W Esq",593 Kinglake St,Fowlmere,Cambridgeshire,SG8 7TP,01924-111018,01420-311467,aracelis.donham@hotmail.com,http://www.smtothbaldridgevanbelkum.co.uk,73701,1045.0
Leana,Stackpole,"Thompson, Michael C Esq",690 Copenhagen Rd,Warham,Norfolk,NR23 1NJ,01248-325090,01386-257445,lstackpole@yahoo.com,http://www.directtoolsfasteners.co.uk,51313,2940.0
Chana,Perera,Cap Gemini America,9 Ogwen St,Murdostoun Ward,North Lanarkshire,ML2 8LW,01477-796750,01858-335054,chana.perera@hotmail.com,http://www.oldencameralenscoinc.co.uk,82393,5082.0
Nell,Pao,"Thompson, Michael C Esq",1730 Seymour St,Eastbrook Ward,Brighton and Hove,BN41 1QH,01308-582144,01773-576318,npao@gmail.com,http://www.madausgeraldfjr.co.uk,46873,760.0
Sueann,Mandril,"Crowan, Kenneth W Esq",751 Stamford St,Werrington,Staffordshire,ST9 0AH,01886-226100,01717-449960,smandril@hotmail.com,http://www.elhispanicnews.co.uk,46816,5830.0
Alayna,Hoyal,Rowley/hansell Petetin,70 Royal St,Banchory and Mid Deeside Ward,Aberdeenshire,AB31 4AH,01964-720542,01983-132813,alayna_hoyal@hotmail.com,http://www.southbldgcodecongres.co.uk,45952,
Talia,Marthe,"Thompson, Michael C Esq",5 Minerva St,Westbury,Wiltshire,BA13 3QR,01711-170147,01607-480159,talia.marthe@gmail.com,http://www.kenneymfgco.co.uk,89441,
Pansy,Kopan,Weiss Spirt & Guyer,1 Northampton St,Madeley,Shropshire,TF7 4GA,01674-842315,01627-571972,pansy@kopan.co.uk,http://www.oncorinc.co.uk,87974,
Royce,Saik,Weiss Spirt & Guyer,2 Maple Grove,Kincorth,Aberdeenshire,AB12 5EJ,01972-770618,01431-812225,royce@hotmail.com,http://www.bestwesterncaprockinn.co.uk,56488,
Felice,Gone,Cap Gemini America,7602 Grantham St,Hexham,Northumberland,NE46 1QQ,01691-816025,01888-857515,felice.gone@hotmail.com,http://www.afsuplcodivautomtcfiring.co.uk,80080,1755.0
Margarita,Orloski,Rowley/hansell Petetin,78 Pine Grove,Stannington Ward,South Yorkshire,S6 5HE,01215-422453,01958-497953,margarita_orloski@yahoo.com,http://www.shops.co.uk,66567,1612.0
Vicky,Schellenberge,Cap Gemini America,3922 Leda St,Moreton Morrell,Warwickshire,CV35 9BX,01625-805645,01602-772009,vschellenberge@hotmail.com,http://www.medlabenvironmentaltestinc.co.uk,87587,4592.0
Carolann,Gross,Weiss Spirt & Guyer,6352 Grosvenor St,Wombourne,Staffordshire,WV5 0LP,01470-609953,01672-859754,carolann@gross.co.uk,http://www.leemcompanyinc.co.uk,46599,
Quiana,Scarsella,"Thompson, Michael C Esq",1400 Ash St,Thorpe Hamlet Ward,Norfolk,NR1 4HS,01446-936944,01492-687388,quiana_scarsella@hotmail.com,http://www.lookinggood.co.uk,50754,1459.0
Cora,Mossing,Weiss Spirt & Guyer,38 Raffles St,Newmarket,Cambridgeshire,CB8 8QE,01285-381062,01699-194090,cora@yahoo.com,http://www.regisbrdproengrsland.co.uk,70462,672.0
Tony,Diazdeleon,Cap Gemini America,529 Llanrwst St,Southam,Gloucestershire,GL52 8TW,01765-102036,01877-593275,tony@gmail.com,http://www.dillingharrisinc.co.uk,70862,
Val,Villot,Weiss Spirt & Guyer,1980 Tynemouth St,Almond Ward,West Lothian,EH52 5PY,01375-870188,01602-987840,val@yahoo.com,http://www.horizonairmagazine.co.uk,52199,
Tijuana,Machalek,Weiss Spirt & Guyer,1149 Highfield Rd #996,Fareham South Ward,Hampshire,PO14 9JJ,01242-532395,01336-686264,tijuana.machalek@gmail.com,http://www.schwartzthomaseesq.co.uk,69150,2811.0
Jamika,Conoly,Cap Gemini America,19 Soho St,Whitley Ward,Berkshire,RG1 9XH,01726-595316,01597-168997,jamika_conoly@conoly.co.uk,http://www.kellerraymondc.co.uk,79619,
Sophia,Gaucher,Weiss Spirt & Guyer,88 Upper Harrington St,North East Ward,North Lanarkshire,G69 8EL,01504-539114,01254-919378,sophia.gaucher@hotmail.com,http://www.tcesystemsinc.co.uk,63850,2959.0
Ronnie,Brigman,Cap Gemini America,6 Morley St,Batchwood Ward,Hertfordshire,AL3 5JN,01943-754681,01972-686199,ronnie@brigman.co.uk,http://www.howardjohnson.co.uk,87933,342.0
Rosita,Ausdemore,"Crowan, Kenneth W Esq",8 Heathfield St #657,Hailsham,East Sussex,BN27 1AJ,01273-236188,01997-765432,rausdemore@hotmail.com,http://www.jurdemscottesq.co.uk,86117,198.0
Pura,Manciel,"Crowan, Kenneth W Esq",7 Water St,Priory Heath Ward,Suffolk,IP3 9RB,01853-412588,01386-437186,pura.manciel@yahoo.com,http://www.ciainspection.co.uk,69244,
Charlette,Brenning,Weiss Spirt & Guyer,714 Fonthill Rd,Darton West Ward,South Yorkshire,S75 5EJ,01888-152110,01301-312487,cbrenning@brenning.co.uk,http://www.fureyassociates.co.uk,52208,
Celestina,Keeny,Rowley/hansell Petetin,9 Milton St,Consett North ED,County Durham,DH8 5LP,01877-379681,01600-463475,celestina_keeny@gmail.com,http://www.bfgfederalcreditunion.co.uk,78305,
Mi,Richan,"Crowan, Kenneth W Esq",6 Norwood Grove,Tanworth-in-Arden,Warwickshire,B94 5RZ,01451-785624,01202-738406,mi@hotmail.com,http://www.nelsonwrighthaworthgolfcrs.co.uk,57022,3541.0
